{
  "bgr": 0.12818472982978935,
  "box": 0.045518090305588677,
  "cls": 3.834892913721239,
  "copy_paste": 0.7916371336431082,
  "data": "/home/under1/Detect/jeongui/coronal/coronal_t1wce_2_class.yaml",
  "degrees": 38.52973805491981,
  "fliplr": 0.8890394859550745,
  "flipud": 0.8931270163706306,
  "hsv_h": 0.007461870830619677,
  "hsv_s": 0.3220544663326721,
  "hsv_v": 0.09050158447162886,
  "lr0": 0.09109078072181584,
  "lrf": 0.275000449108709,
  "mixup": 0.7525416516955892,
  "momentum": 0.9011456170795973,
  "mosaic": 0.4483540578917209,
  "perspective": 0.0009714218448016326,
  "scale": 0.5863233543603603,
  "shear": 9.745745311794781,
  "translate": 0.22260290840221664,
  "warmup_epochs": 3.211252405545042,
  "warmup_momentum": 0.2577471025730477,
  "weight_decay": 0.00019560262388801253
}