{
  "bgr": 0.9786791175028984,
  "box": 0.17351819849064334,
  "cls": 1.1495626174383056,
  "copy_paste": 0.7494340690694068,
  "data": "/home/under1/Detect/jeongui/sagittal/sagittal_t1wce_2_class.yaml",
  "degrees": 28.214432393407023,
  "fliplr": 0.7541291949550467,
  "flipud": 0.458163086484109,
  "hsv_h": 0.03641171366140983,
  "hsv_s": 0.6173459785265828,
  "hsv_v": 0.11617719478912195,
  "lr0": 0.021585007839149444,
  "lrf": 0.8174368305242729,
  "mixup": 0.6833561724125317,
  "momentum": 0.6846208680991058,
  "mosaic": 0.3020631097085792,
  "perspective": 0.0005673692595687619,
  "scale": 0.2218743355234885,
  "shear": 7.237800878152654,
  "translate": 0.5335228707538867,
  "warmup_epochs": 0.5028168282118517,
  "warmup_momentum": 0.24785695747569514,
  "weight_decay": 0.0008303543658586448
}