{
  "bgr": 0.2345059486327229,
  "box": 0.16455218065743193,
  "cls": 3.330986765293891,
  "copy_paste": 0.16515937240266243,
  "data": "/home/under1/Detect/jeongui/sagittal/sagittal_t1wce_2_class.yaml",
  "degrees": 16.638714310391933,
  "fliplr": 0.2165597323326376,
  "flipud": 0.06698002495923272,
  "hsv_h": 0.08718592767397523,
  "hsv_s": 0.7032546096767276,
  "hsv_v": 0.515587779517999,
  "lr0": 0.054275938755934304,
  "lrf": 0.45357187365586465,
  "mixup": 0.7445966658010666,
  "momentum": 0.8854321349018446,
  "mosaic": 0.2350611289707225,
  "perspective": 0.0004439365690820878,
  "scale": 0.18542246146426702,
  "shear": 0.08111014754292545,
  "translate": 0.34134544385443544,
  "warmup_epochs": 3.819675784246609,
  "warmup_momentum": 0.9451662554726609,
  "weight_decay": 0.0009420497982257389
}