{
  "bgr": 0.9527916569719446,
  "box": 0.06739802781268713,
  "cls": 0.278473797969769,
  "copy_paste": 0.9473705904889242,
  "data": "/home/under1/Detect/jeongui/coronal/coronal_t1wce_2_class.yaml",
  "degrees": 26.474270109912258,
  "fliplr": 0.1856359443059522,
  "flipud": 0.7980468339125637,
  "hsv_h": 0.07583786538361414,
  "hsv_s": 0.2880154357402211,
  "hsv_v": 0.3451175047547082,
  "lr0": 0.04537514748715898,
  "lrf": 0.541213418997635,
  "mixup": 0.21550767711355845,
  "momentum": 0.94073509135533,
  "mosaic": 0.6874882763878153,
  "perspective": 0.00027354203481563577,
  "scale": 0.5660836592320339,
  "shear": 8.726506554473954,
  "translate": 0.7479436097125713,
  "warmup_epochs": 1.0844849219923698,
  "warmup_momentum": 0.6299242929450958,
  "weight_decay": 0.0009903389473967044
}