{
  "bgr": 0.16671986464382238,
  "box": 0.10102912316900099,
  "cls": 1.881935354663489,
  "copy_paste": 0.22084594040235894,
  "data": "/home/under1/Detect/jeongui/coronal/coronal_t1wce_2_class.yaml",
  "degrees": 31.879151814709378,
  "fliplr": 0.7454714604160448,
  "flipud": 0.6010042645022245,
  "hsv_h": 0.0569796817728894,
  "hsv_s": 0.37937322135758333,
  "hsv_v": 0.00611341577469805,
  "lr0": 0.030206270731718263,
  "lrf": 0.3637421151475126,
  "mixup": 0.6010458659515578,
  "momentum": 0.6508586770687541,
  "mosaic": 0.8663415452708779,
  "perspective": 0.0004186328744784876,
  "scale": 0.1703072618052438,
  "shear": 1.8709010673098414,
  "translate": 0.380305407335028,
  "warmup_epochs": 0.038231336922315284,
  "warmup_momentum": 0.07810060794941584,
  "weight_decay": 0.00038675379714241066
}