{
  "bgr": 0.8879674899832547,
  "box": 0.0928301929615135,
  "cls": 3.2896749571301043,
  "copy_paste": 0.6125152228341236,
  "data": "/home/under1/Detect/jeongui/axial/axial_t1wce_2_class.yaml",
  "degrees": 9.497346636744695,
  "fliplr": 0.0671168686955601,
  "flipud": 0.40351051932987037,
  "hsv_h": 0.06127971032259427,
  "hsv_s": 0.32549085439260084,
  "hsv_v": 0.11011265549288123,
  "lr0": 0.00785013338023286,
  "lrf": 0.7496719951776857,
  "mixup": 0.9352666582752894,
  "momentum": 0.6829323193938712,
  "mosaic": 0.40639312878415434,
  "perspective": 0.0006178043622935897,
  "scale": 0.28535859997664303,
  "shear": 0.9965517555757386,
  "translate": 0.21744311200147495,
  "warmup_epochs": 0.9685228741415336,
  "warmup_momentum": 0.4116643747510304,
  "weight_decay": 8.466843288906124e-05
}