{
  "bgr": 0.6090540740037854,
  "box": 0.16423555031072096,
  "cls": 0.8053379613829026,
  "copy_paste": 0.6934120196273316,
  "data": "/home/under1/Detect/jeongui/axial/axial_t1wce_2_class.yaml",
  "degrees": 19.618960995939535,
  "fliplr": 0.7806877168115166,
  "flipud": 0.3391408488525104,
  "hsv_h": 0.07381425763840267,
  "hsv_s": 0.434879514250687,
  "hsv_v": 0.6756308263872348,
  "lr0": 0.030125282251229703,
  "lrf": 0.427491987560607,
  "mixup": 0.28454503667902187,
  "momentum": 0.9413068324938147,
  "mosaic": 0.49286315916966605,
  "perspective": 0.0006123921190673364,
  "scale": 0.5598693863272276,
  "shear": 8.959438851105592,
  "translate": 0.7334746536003447,
  "warmup_epochs": 3.1807186190495003,
  "warmup_momentum": 0.038077007240713306,
  "weight_decay": 0.00018669346966247136
}