{
  "bgr": 0.9459402839389476,
  "box": 0.10291570224526922,
  "cls": 1.9058446903521673,
  "copy_paste": 0.6404332647365645,
  "data": "/home/under1/Detect/jeongui/sagittal/sagittal_t1wce_2_class.yaml",
  "degrees": 13.866663756515482,
  "fliplr": 0.5338439451073277,
  "flipud": 0.6145241290209401,
  "hsv_h": 0.048978968290308345,
  "hsv_s": 0.3075414518067322,
  "hsv_v": 0.3038208984038761,
  "lr0": 0.06716053698174035,
  "lrf": 0.15658075504544428,
  "mixup": 0.8231923405282231,
  "momentum": 0.7887290511194522,
  "mosaic": 0.7940885671822892,
  "perspective": 0.0003817307243749579,
  "scale": 0.21550094535180025,
  "shear": 0.012232981660322828,
  "translate": 0.42139715989508447,
  "warmup_epochs": 4.896024384376907,
  "warmup_momentum": 0.6719678793307463,
  "weight_decay": 0.000978682013822892
}