{
  "bgr": 0.09394051075844168,
  "box": 0.02705380260577772,
  "cls": 1.2746664577903564,
  "copy_paste": 0.31856895245132366,
  "data": "/home/under1/Detect/jeongui/coronal/coronal_t1wce_2_class.yaml",
  "degrees": 14.309243072728922,
  "fliplr": 0.5232480534666997,
  "flipud": 0.2653894909394454,
  "hsv_h": 0.01201965612131689,
  "hsv_s": 0.26652617776993043,
  "hsv_v": 0.10685494705881965,
  "lr0": 0.009618879805317367,
  "lrf": 0.9766948703632617,
  "mixup": 0.9292961975762141,
  "momentum": 0.7780874566261266,
  "mosaic": 0.5759464955561793,
  "perspective": 0.0005666014542065751,
  "scale": 0.05773274671390593,
  "shear": 6.924721193700199,
  "translate": 0.372836695063203,
  "warmup_epochs": 3.02422759872523,
  "warmup_momentum": 0.7023004004283866,
  "weight_decay": 0.0009767610881903372
}