{
  "bgr": 0.48209167686472787,
  "box": 0.10363229521481697,
  "cls": 1.035914361092205,
  "copy_paste": 0.5786519748624707,
  "data": "/home/under1/Detect/jeongui/coronal/coronal_t1wce_2_class.yaml",
  "degrees": 19.333890614206574,
  "fliplr": 0.39617264687621734,
  "flipud": 0.8358854945611239,
  "hsv_h": 0.04985300379036557,
  "hsv_s": 0.8410936784774826,
  "hsv_v": 0.3996630811572548,
  "lr0": 0.09560332804385828,
  "lrf": 0.9079061419087217,
  "mixup": 0.3761801542237526,
  "momentum": 0.933295053463004,
  "mosaic": 0.05201089196530595,
  "perspective": 0.0004087479317783037,
  "scale": 0.3660010666175809,
  "shear": 9.781631645480191,
  "translate": 0.679510670999299,
  "warmup_epochs": 3.7485362427049225,
  "warmup_momentum": 0.40727366657483693,
  "weight_decay": 0.0003405400013764931
}