{
  "bgr": 0.3777518392924809,
  "box": 0.09167979119889655,
  "cls": 0.997406246105464,
  "copy_paste": 0.06724963146324858,
  "data": "/home/under1/Detect/jeongui/coronal/coronal_t1wce_2_class.yaml",
  "degrees": 22.070646387790518,
  "fliplr": 0.6963434888154595,
  "flipud": 0.3117958819941026,
  "hsv_h": 0.018619300588033617,
  "hsv_s": 0.8499351509855403,
  "hsv_v": 0.6655957155443588,
  "lr0": 0.09342205765250013,
  "lrf": 0.617826296406237,
  "mixup": 0.02467872839133123,
  "momentum": 0.8035404651494842,
  "mosaic": 0.1796036775596348,
  "perspective": 0.0004344166255581208,
  "scale": 0.22892083359335366,
  "shear": 0.5802916032387562,
  "translate": 0.2046731651759909,
  "warmup_epochs": 3.650610147583848,
  "warmup_momentum": 0.2963477457056218,
  "weight_decay": 0.000589909976354571
}