{
  "bgr": 0.9408920635287841,
  "box": 0.1473718867230533,
  "cls": 2.5973324330810437,
  "copy_paste": 0.07727730213821948,
  "data": "/home/under1/Detect/jeongui/axial/axial_t1wce_2_class.yaml",
  "degrees": 7.187585530741648,
  "fliplr": 0.6194239643265322,
  "flipud": 0.6254527139105512,
  "hsv_h": 0.028117133796897398,
  "hsv_s": 0.15892577897703136,
  "hsv_v": 0.8400405823800954,
  "lr0": 0.09615285733159494,
  "lrf": 0.9922865133947454,
  "mixup": 0.6429588469363894,
  "momentum": 0.9373467372130161,
  "mosaic": 0.14837706961702168,
  "perspective": 0.0009056634497724877,
  "scale": 0.350137968546948,
  "shear": 9.194855666918114,
  "translate": 0.6567456339453107,
  "warmup_epochs": 4.619901402303296,
  "warmup_momentum": 0.8643965137275312,
  "weight_decay": 0.0005287659544972605
}