{
  "bgr": 0.3005771559065705,
  "box": 0.028359119313690596,
  "cls": 1.919826404657609,
  "copy_paste": 0.3610528930702669,
  "data": "/home/under1/Detect/jeongui/sagittal/sagittal_t1wce_2_class.yaml",
  "degrees": 17.810030182616103,
  "fliplr": 0.12623803370203157,
  "flipud": 0.31376684251286535,
  "hsv_h": 0.08679422666482442,
  "hsv_s": 0.058932521190876046,
  "hsv_v": 0.8174881455547761,
  "lr0": 0.08565592827957141,
  "lrf": 0.3649476574961855,
  "mixup": 0.16684624438891338,
  "momentum": 0.873534198530268,
  "mosaic": 0.9606766231010742,
  "perspective": 0.0006564453385124969,
  "scale": 0.0271296820244311,
  "shear": 0.5038306759570021,
  "translate": 0.39738255021396174,
  "warmup_epochs": 3.6853732985120273,
  "warmup_momentum": 0.12423163798687326,
  "weight_decay": 0.0007191976510327372
}