{
  "bgr": 0.7781567509498505,
  "box": 0.09876569802728466,
  "cls": 3.588737402971903,
  "copy_paste": 0.7991585642167236,
  "data": "/home/under1/Detect/jeongui/coronal/coronal_t1wce_2_class.yaml",
  "degrees": 23.800271388880702,
  "fliplr": 0.832619845547938,
  "flipud": 0.02021839744032572,
  "hsv_h": 0.09636627605010294,
  "hsv_s": 0.3450973669431999,
  "hsv_v": 0.7125525342743981,
  "lr0": 0.05488586225769321,
  "lrf": 0.7180374727086953,
  "mixup": 0.978618342232764,
  "momentum": 0.8290500829072247,
  "mosaic": 0.8700121482468192,
  "perspective": 8.712929970154071e-05,
  "scale": 0.833036974463395,
  "shear": 0.7103605819788694,
  "translate": 0.5112401049845391,
  "warmup_epochs": 2.1182739966945237,
  "warmup_momentum": 0.6135994074133233,
  "weight_decay": 0.0005448831829968968
}