{
  "bgr": 0.6205014252345774,
  "box": 0.1219430326650092,
  "cls": 3.994521012818332,
  "copy_paste": 0.620982991773557,
  "data": "/home/under1/Detect/jeongui/sagittal/sagittal_t1wce_2_class.yaml",
  "degrees": 43.41223655109528,
  "fliplr": 0.5139905125090732,
  "flipud": 0.401809057327264,
  "hsv_h": 0.03539102555076584,
  "hsv_s": 0.002046235749973557,
  "hsv_v": 0.8106497738072733,
  "lr0": 0.08915975124755743,
  "lrf": 0.8485144712788464,
  "mixup": 0.15009534366371047,
  "momentum": 0.6870590795452102,
  "mosaic": 0.28192263872520207,
  "perspective": 0.0006121741633828717,
  "scale": 0.3512884849101886,
  "shear": 6.334811521451328,
  "translate": 0.35721289119297117,
  "warmup_epochs": 0.6806093717308642,
  "warmup_momentum": 0.7007902674737844,
  "weight_decay": 0.0003087024778888611
}