{
  "bgr": 0.8046271163676045,
  "box": 0.06912450952366804,
  "cls": 2.021132737979796,
  "copy_paste": 0.14087414685024513,
  "data": "/home/under1/Detect/jeongui/sagittal/sagittal_t1wce_2_class.yaml",
  "degrees": 9.185469989981733,
  "fliplr": 0.5398750064844098,
  "flipud": 0.899188343874183,
  "hsv_h": 0.018151002118179795,
  "hsv_s": 0.09683557268307466,
  "hsv_v": 0.8113972532382703,
  "lr0": 0.05433764585984646,
  "lrf": 0.9257566934637743,
  "mixup": 0.5638288769273424,
  "momentum": 0.7740969313578767,
  "mosaic": 0.06510959319301535,
  "perspective": 0.000782104074596098,
  "scale": 0.1801575552110606,
  "shear": 9.361003575319883,
  "translate": 0.2468682178337805,
  "warmup_epochs": 1.4313482247321918,
  "warmup_momentum": 0.42604273785594166,
  "weight_decay": 0.0002598431067181075
}