{
  "bgr": 0.4428089257258019,
  "box": 0.07299970691651875,
  "cls": 3.5532565689868423,
  "copy_paste": 0.7547269284510998,
  "data": "/home/under1/Detect/jeongui/coronal/coronal_t1wce_2_class.yaml",
  "degrees": 41.70720297761548,
  "fliplr": 0.8271488904084243,
  "flipud": 0.060139756105610176,
  "hsv_h": 0.05349997463513554,
  "hsv_s": 0.6690052123798025,
  "hsv_v": 0.5012711043773839,
  "lr0": 0.03558083419626373,
  "lrf": 0.4243342455169427,
  "mixup": 0.17039630712723997,
  "momentum": 0.6575708018915218,
  "mosaic": 0.9042680999506971,
  "perspective": 0.00024427125009627616,
  "scale": 0.17923237819610507,
  "shear": 6.948407125818995,
  "translate": 0.8136210060544109,
  "warmup_epochs": 3.6598681802885142,
  "warmup_momentum": 0.7842631458427067,
  "weight_decay": 0.00028939057085803775
}