{
  "bgr": 0.9816167231204604,
  "box": 0.17907337115206473,
  "cls": 3.023542890958731,
  "copy_paste": 0.12280526977528461,
  "data": "/home/under1/Detect/jeongui/coronal/coronal_t1wce_2_class.yaml",
  "degrees": 41.10439736928241,
  "fliplr": 0.991534204470279,
  "flipud": 0.908871993904609,
  "hsv_h": 0.030411183472069492,
  "hsv_s": 0.03726247267145668,
  "hsv_v": 0.5377668589544089,
  "lr0": 0.0392664301130815,
  "lrf": 0.3486614192173506,
  "mixup": 0.751936145448894,
  "momentum": 0.8671289275329847,
  "mosaic": 0.8816857602900848,
  "perspective": 0.000848847249565852,
  "scale": 0.06363738144174862,
  "shear": 7.629200141728704,
  "translate": 0.5237076915024237,
  "warmup_epochs": 2.679165188394112,
  "warmup_momentum": 0.16058727580109441,
  "weight_decay": 0.00045648103755793626
}