{
  "bgr": 0.6615622417785234,
  "box": 0.04326733047005575,
  "cls": 2.8783225360875666,
  "copy_paste": 0.064297204110913,
  "data": "/home/under1/Detect/jeongui/coronal/coronal_t1wce_2_class.yaml",
  "degrees": 38.90575880752869,
  "fliplr": 0.3262635925888855,
  "flipud": 0.26703705328003224,
  "hsv_h": 0.03836495696332326,
  "hsv_s": 0.7859552246914824,
  "hsv_v": 0.4541520426108284,
  "lr0": 0.05603004150512119,
  "lrf": 0.8466753482840981,
  "mixup": 0.04929066324185705,
  "momentum": 0.6426912313032316,
  "mosaic": 0.1928595065057187,
  "perspective": 0.0006427249277677906,
  "scale": 0.4989097138107523,
  "shear": 3.6679114359579756,
  "translate": 0.4128304512640884,
  "warmup_epochs": 0.055182179255820474,
  "warmup_momentum": 0.5979218748495558,
  "weight_decay": 0.0008002726752984986
}