{
  "bgr": 0.1965823616800535,
  "box": 0.19790729085066072,
  "cls": 0.5877702808425067,
  "copy_paste": 0.09710127579306127,
  "data": "/home/under1/Detect/jeongui/coronal/coronal_t1wce_2_class.yaml",
  "degrees": 11.398122114290196,
  "fliplr": 0.1381829513486138,
  "flipud": 0.6563295894652734,
  "hsv_h": 0.020887675609483472,
  "hsv_s": 0.14517856609649663,
  "hsv_v": 0.5877974929188586,
  "lr0": 0.021046152281773353,
  "lrf": 0.1376370346783048,
  "mixup": 0.8209932298479351,
  "momentum": 0.7198627733511899,
  "mosaic": 0.3687251706609641,
  "perspective": 0.00011037514116430514,
  "scale": 0.21998303280144246,
  "shear": 1.5896958364551972,
  "translate": 0.4196796955706757,
  "warmup_epochs": 2.8509838520893984,
  "warmup_momentum": 0.4166714377892043,
  "weight_decay": 0.0003637107709426226
}