{
  "bgr": 0.38993765581079276,
  "box": 0.11707978800942742,
  "cls": 3.290530865161295,
  "copy_paste": 0.4909643705451908,
  "data": "/home/under1/Detect/jeongui/coronal/coronal_t1wce_2_class.yaml",
  "degrees": 32.636983299889096,
  "fliplr": 0.7289915334384923,
  "flipud": 0.8738108047176941,
  "hsv_h": 0.014416211750156338,
  "hsv_s": 0.5211301720724364,
  "hsv_v": 0.0184044946265312,
  "lr0": 0.08366887672222076,
  "lrf": 0.469390393738179,
  "mixup": 0.7395239777768765,
  "momentum": 0.7055774938046591,
  "mosaic": 0.8021494428975184,
  "perspective": 0.00047953555737171205,
  "scale": 0.7899900382858501,
  "shear": 4.759203879926508,
  "translate": 0.10474662825938867,
  "warmup_epochs": 1.9044851867615793,
  "warmup_momentum": 0.529691721207798,
  "weight_decay": 2.6100344070238203e-05
}