{
  "bgr": 0.7772407951059513,
  "box": 0.06279108325557228,
  "cls": 0.66757227313073,
  "copy_paste": 0.6344088746540981,
  "data": "/home/under1/Detect/jeongui/sagittal/sagittal_t1wce_2_class.yaml",
  "degrees": 10.99879888869428,
  "fliplr": 0.977580247292482,
  "flipud": 0.14537447687533733,
  "hsv_h": 0.010609909296838494,
  "hsv_s": 0.8854570634017006,
  "hsv_v": 0.24994542237708187,
  "lr0": 0.09100706546466665,
  "lrf": 0.5347844212147748,
  "mixup": 0.43827584365436556,
  "momentum": 0.6148749897228741,
  "mosaic": 0.6778095671936483,
  "perspective": 0.0008426481164459991,
  "scale": 0.3253418492086288,
  "shear": 2.052873531621403,
  "translate": 0.6922416792593282,
  "warmup_epochs": 1.699395107083082,
  "warmup_momentum": 0.819821603765741,
  "weight_decay": 0.0003741530390944526
}