{
  "bgr": 0.6952333033234865,
  "box": 0.03707090349942871,
  "cls": 0.5394038084690531,
  "copy_paste": 0.6656779758525682,
  "data": "/home/under1/Detect/jeongui/axial/axial_t1wce_2_class.yaml",
  "degrees": 5.845387813046559,
  "fliplr": 0.3653461954872106,
  "flipud": 0.20477242248131233,
  "hsv_h": 0.04210269017809222,
  "hsv_s": 0.5785910720471259,
  "hsv_v": 0.8029589530559108,
  "lr0": 0.09140856692670214,
  "lrf": 0.20438845196468455,
  "mixup": 0.4757145541776924,
  "momentum": 0.6644328349501873,
  "mosaic": 0.6839491914281834,
  "perspective": 0.0008110848517133756,
  "scale": 0.13351776791072412,
  "shear": 6.437119998735074,
  "translate": 0.1858690159885819,
  "warmup_epochs": 4.594276377185559,
  "warmup_momentum": 0.4947786111220072,
  "weight_decay": 0.0009517807614330093
}