{
  "bgr": 0.40628161018258635,
  "box": 0.1338005610297195,
  "cls": 2.2273174908025872,
  "copy_paste": 0.5160838419366988,
  "data": "/home/under1/Detect/jeongui/coronal/coronal_t1wce_2_class.yaml",
  "degrees": 41.466086710734345,
  "fliplr": 0.4218152192378519,
  "flipud": 0.4577494407512228,
  "hsv_h": 0.06224143615178958,
  "hsv_s": 0.8597790767758197,
  "hsv_v": 0.41112013372628126,
  "lr0": 0.0805632875824272,
  "lrf": 0.47213510029209443,
  "mixup": 0.278765466709871,
  "momentum": 0.8707940732791525,
  "mosaic": 0.5367065481236316,
  "perspective": 0.00015109309202659648,
  "scale": 0.8216494346185826,
  "shear": 1.8396848949133826,
  "translate": 0.2623046089759283,
  "warmup_epochs": 1.5165598918334138,
  "warmup_momentum": 0.28576973001704975,
  "weight_decay": 0.0004633502825562318
}