{
  "bgr": 0.29828232595603077,
  "box": 0.11023838874680641,
  "cls": 3.833117811948251,
  "copy_paste": 0.5743252488495788,
  "data": "/home/under1/Detect/jeongui/coronal/coronal_t1wce_2_class.yaml",
  "degrees": 0.8636939239200087,
  "fliplr": 0.13547406422245023,
  "flipud": 0.42876870094576613,
  "hsv_h": 0.06439901992296375,
  "hsv_s": 0.38146954370236175,
  "hsv_v": 0.545753892715132,
  "lr0": 0.03965660902729,
  "lrf": 0.8822921651400499,
  "mixup": 0.5908727612481732,
  "momentum": 0.8208836916016262,
  "mosaic": 0.5699649107012649,
  "perspective": 0.0006180154289988415,
  "scale": 0.5941561837434165,
  "shear": 2.9007760721044407,
  "translate": 0.2714173350070944,
  "warmup_epochs": 3.4626579503888295,
  "warmup_momentum": 0.6889915658286585,
  "weight_decay": 0.0008817353618548529
}