{
  "bgr": 0.833717170903668,
  "box": 0.050771285317252036,
  "cls": 1.1150761160523848,
  "copy_paste": 0.76541999396833,
  "data": "/home/under1/Detect/jeongui/sagittal/sagittal_t1wce_2_class.yaml",
  "degrees": 23.047250788504297,
  "fliplr": 0.9183965107489346,
  "flipud": 0.7893872863853818,
  "hsv_h": 0.023277092713755766,
  "hsv_s": 0.7312928617443119,
  "hsv_v": 0.7774475767484076,
  "lr0": 0.060285966395415974,
  "lrf": 0.703217573231726,
  "mixup": 0.9466783671266875,
  "momentum": 0.789332801346091,
  "mosaic": 0.16841526811153085,
  "perspective": 1.2616650048817291e-05,
  "scale": 0.577551154637221,
  "shear": 1.6303856364339342,
  "translate": 0.1457976093864741,
  "warmup_epochs": 4.16722144599569,
  "warmup_momentum": 0.7138659267122953,
  "weight_decay": 0.000724399637887629
}