{
  "bgr": 0.41533584352924946,
  "box": 0.031780340954367575,
  "cls": 0.2543841881649349,
  "copy_paste": 0.8393417768102089,
  "data": "/home/under1/Detect/jeongui/sagittal/sagittal_t1wce_2_class.yaml",
  "degrees": 24.83178121093573,
  "fliplr": 0.820884895322209,
  "flipud": 0.6560182664985654,
  "hsv_h": 0.013831350289105615,
  "hsv_s": 0.4175154859944934,
  "hsv_v": 0.0932245546109261,
  "lr0": 0.06332421412337583,
  "lrf": 0.062247285197082565,
  "mixup": 0.5548441775387282,
  "momentum": 0.8054653730322361,
  "mosaic": 0.7019526577924758,
  "perspective": 0.00019232253380317888,
  "scale": 0.8676446171926975,
  "shear": 4.164615499486796,
  "translate": 0.8152401675462757,
  "warmup_epochs": 1.5620850300241402,
  "warmup_momentum": 0.13455991619024824,
  "weight_decay": 0.0003539351178727174
}