{
  "bgr": 0.8073189587250107,
  "box": 0.16511491802829545,
  "cls": 2.874776617453392,
  "copy_paste": 0.06916699545513805,
  "data": "/home/under1/Detect/jeongui/coronal/coronal_t1wce_2_class.yaml",
  "degrees": 44.94811529555399,
  "fliplr": 0.8480082293222344,
  "flipud": 0.12381998284944151,
  "hsv_h": 0.010022688731230113,
  "hsv_s": 0.8275343523702062,
  "hsv_v": 0.6428171695942003,
  "lr0": 0.06521380596746887,
  "lrf": 0.43710425107963424,
  "mixup": 0.40718329722599966,
  "momentum": 0.9406877064234039,
  "mosaic": 0.5691007386145933,
  "perspective": 0.0006155595642838442,
  "scale": 0.7813134516313929,
  "shear": 1.6249293467637482,
  "translate": 0.13450347419219438,
  "warmup_epochs": 2.179324626328134,
  "warmup_momentum": 0.8473271872648884,
  "weight_decay": 0.00036756187004789655
}