{
  "bgr": 0.5701652574176099,
  "box": 0.13236739389149232,
  "cls": 1.6898498561048236,
  "copy_paste": 0.9384734033916426,
  "data": "/home/under1/Detect/jeongui/axial/axial_t1wce_2_class.yaml",
  "degrees": 14.389126931655447,
  "fliplr": 0.3518768471059809,
  "flipud": 0.2980938176757212,
  "hsv_h": 0.0984051805229001,
  "hsv_s": 0.39159191164771917,
  "hsv_v": 0.17228117462524842,
  "lr0": 0.08831017933479085,
  "lrf": 0.01789210698937657,
  "mixup": 0.11469267120848914,
  "momentum": 0.6970551509508066,
  "mosaic": 0.7341811424161813,
  "perspective": 0.0009346543297657681,
  "scale": 0.6945549223842254,
  "shear": 0.4930006829225009,
  "translate": 0.0334687177009559,
  "warmup_epochs": 3.873308343180541,
  "warmup_momentum": 0.1539821346617981,
  "weight_decay": 0.0008443136474384245
}