{
  "bgr": 0.03809541720109555,
  "box": 0.0437768295999493,
  "cls": 3.4086117193344525,
  "copy_paste": 0.33829706974170426,
  "data": "/home/under1/Detect/jeongui/sagittal/sagittal_t1wce_2_class.yaml",
  "degrees": 20.107615888598982,
  "fliplr": 0.3779710153755035,
  "flipud": 0.24086343011590539,
  "hsv_h": 0.012592897671193938,
  "hsv_s": 0.7792091715919305,
  "hsv_v": 0.18103203543178772,
  "lr0": 0.05304189757057075,
  "lrf": 0.28304690417335604,
  "mixup": 0.18665945523555827,
  "momentum": 0.8179777597116429,
  "mosaic": 0.0681544837522512,
  "perspective": 0.0001437054405297903,
  "scale": 0.36652640553066396,
  "shear": 5.09382762363939,
  "translate": 0.8706738667427756,
  "warmup_epochs": 1.2561066368720768,
  "warmup_momentum": 0.892720552057496,
  "weight_decay": 0.00023996813277645668
}