{
  "bgr": 0.33867948724934194,
  "box": 0.14238706035488746,
  "cls": 2.416773763991613,
  "copy_paste": 0.8779980706953849,
  "data": "/home/under1/Detect/jeongui/sagittal/sagittal_t1wce_2_class.yaml",
  "degrees": 16.385468513768018,
  "fliplr": 0.02483312481064681,
  "flipud": 0.5799209715050934,
  "hsv_h": 0.017484684544502884,
  "hsv_s": 0.7903258074846317,
  "hsv_v": 0.8117527560430629,
  "lr0": 0.04286393312926715,
  "lrf": 0.7750697643844436,
  "mixup": 0.7205588363518839,
  "momentum": 0.8266552105359882,
  "mosaic": 0.47961006413906604,
  "perspective": 0.0009411817252429133,
  "scale": 0.7258747363885522,
  "shear": 2.108987952029157,
  "translate": 0.5500275796496304,
  "warmup_epochs": 3.177689488389244,
  "warmup_momentum": 0.22318253123158494,
  "weight_decay": 0.0006737304017294935
}