{
  "bgr": 0.2509386269614443,
  "box": 0.0868448838593751,
  "cls": 1.487099404407341,
  "copy_paste": 0.8361563819338023,
  "data": "/home/under1/Detect/jeongui/sagittal/sagittal_t1wce_2_class.yaml",
  "degrees": 40.17151364475905,
  "fliplr": 0.547414079176508,
  "flipud": 0.8268271487494071,
  "hsv_h": 0.0729559998934395,
  "hsv_s": 0.7957375021409319,
  "hsv_v": 0.4173935447067861,
  "lr0": 0.015164340285378821,
  "lrf": 0.12075274654288419,
  "mixup": 0.1114923571996227,
  "momentum": 0.7224344024974916,
  "mosaic": 0.16890576153138737,
  "perspective": 4.759933688498852e-05,
  "scale": 0.5049811345744942,
  "shear": 9.447452933171759,
  "translate": 0.7193133830798678,
  "warmup_epochs": 4.622336689103635,
  "warmup_momentum": 0.376361687767648,
  "weight_decay": 0.00022587597343816347
}