{
  "bgr": 0.4002330857608879,
  "box": 0.029701998766943016,
  "cls": 1.056134618042269,
  "copy_paste": 0.516141798810737,
  "data": "/home/under1/Detect/jeongui/coronal/coronal_t1wce_2_class.yaml",
  "degrees": 32.96459098094055,
  "fliplr": 0.5338313292697838,
  "flipud": 0.053756908018382954,
  "hsv_h": 0.04421081964040399,
  "hsv_s": 0.8759544362536916,
  "hsv_v": 0.7036067041734066,
  "lr0": 0.058743909416433295,
  "lrf": 0.7773592572735385,
  "mixup": 0.6129257095090133,
  "momentum": 0.7410888258445357,
  "mosaic": 0.988112866623811,
  "perspective": 0.0002659411609162341,
  "scale": 0.4443048219133645,
  "shear": 1.3986638165201049,
  "translate": 0.5421021656691869,
  "warmup_epochs": 1.2045366217703224,
  "warmup_momentum": 0.6623970318361742,
  "weight_decay": 0.0004947874908352815
}