{
  "bgr": 0.44712537861762736,
  "box": 0.16920920525912536,
  "cls": 0.21784280953167887,
  "copy_paste": 0.29743695085513366,
  "data": "/home/under1/Detect/jeongui/coronal/coronal_t1wce_2_class.yaml",
  "degrees": 43.29848453028472,
  "fliplr": 0.952749011516985,
  "flipud": 0.2230816326406183,
  "hsv_h": 0.06778165367962301,
  "hsv_s": 0.24300717587294837,
  "hsv_v": 0.6616746199103354,
  "lr0": 0.013188468261815174,
  "lrf": 0.7191639320773799,
  "mixup": 0.6994792753175043,
  "momentum": 0.7099743153199364,
  "mosaic": 0.8464086724711278,
  "perspective": 0.0005722519057908734,
  "scale": 0.5185416009760532,
  "shear": 5.920419312718391,
  "translate": 0.22387782916796223,
  "warmup_epochs": 2.9325646740504157,
  "warmup_momentum": 0.019102168878118875,
  "weight_decay": 0.00018319136200711683
}