{
  "bgr": 0.03183892953130785,
  "box": 0.08479605160610551,
  "cls": 2.9739641372114205,
  "copy_paste": 0.5772285886041676,
  "data": "/home/under1/Detect/jeongui/coronal/coronal_t1wce_2_class.yaml",
  "degrees": 8.999843620338003,
  "fliplr": 0.7044144019235328,
  "flipud": 0.9280812934655909,
  "hsv_h": 0.017162967726144052,
  "hsv_s": 0.46893294558371634,
  "hsv_v": 0.048904189505328266,
  "lr0": 0.04535973284098011,
  "lrf": 0.7248350434756444,
  "mixup": 0.6214784014997635,
  "momentum": 0.9292252838528791,
  "mosaic": 0.16469415649791275,
  "perspective": 0.0003453516806969027,
  "scale": 0.7143279330216786,
  "shear": 2.239246880603801,
  "translate": 0.016669615014552577,
  "warmup_epochs": 4.279016711963055,
  "warmup_momentum": 0.011128379975751872,
  "weight_decay": 0.0009755215050028858
}