{
  "bgr": 0.25016332636540395,
  "box": 0.17175225403653616,
  "cls": 3.784425304135389,
  "copy_paste": 0.7606621748472668,
  "data": "/home/under1/Detect/jeongui/axial/axial_t1wce_2_class.yaml",
  "degrees": 41.940536899623616,
  "fliplr": 0.3580633418690262,
  "flipud": 0.4710532214638956,
  "hsv_h": 0.019663566133678145,
  "hsv_s": 0.044494037935163336,
  "hsv_v": 0.5890011466769255,
  "lr0": 0.015114221956220801,
  "lrf": 0.045697612135805914,
  "mixup": 0.9401430620536573,
  "momentum": 0.7956439402353963,
  "mosaic": 0.059491011434292806,
  "perspective": 9.715704180362994e-05,
  "scale": 0.10575299187836071,
  "shear": 4.601338885088361,
  "translate": 0.46372010799508784,
  "warmup_epochs": 2.655417291868971,
  "warmup_momentum": 0.8678716778071627,
  "weight_decay": 0.000721060582198792
}