{
  "bgr": 0.3175558291582141,
  "box": 0.07521537567751724,
  "cls": 2.0528358446108275,
  "copy_paste": 0.8227813620772808,
  "data": "/home/under1/Detect/jeongui/axial/axial_t1wce_2_class.yaml",
  "degrees": 13.410562579012616,
  "fliplr": 0.09005791849782985,
  "flipud": 0.9624059164962243,
  "hsv_h": 0.09972316026096016,
  "hsv_s": 0.8786286464954596,
  "hsv_v": 0.5052856929213319,
  "lr0": 0.010392822315995066,
  "lrf": 0.6759727957487397,
  "mixup": 0.5780231470912209,
  "momentum": 0.8182945591471847,
  "mosaic": 0.46450723613065636,
  "perspective": 0.0008776781172622232,
  "scale": 0.4220620336652912,
  "shear": 2.3292376553167013,
  "translate": 0.18152443283755845,
  "warmup_epochs": 1.207321559888751,
  "warmup_momentum": 0.08891196226826613,
  "weight_decay": 0.0009525684803471497
}