{
  "bgr": 0.2797545098604919,
  "box": 0.16091465550228212,
  "cls": 0.994999036511786,
  "copy_paste": 0.5484175033536863,
  "data": "/home/under1/Detect/jeongui/sagittal/sagittal_t1wce_2_class.yaml",
  "degrees": 3.9656712154694667,
  "fliplr": 0.7991916606016591,
  "flipud": 0.5134370487447365,
  "hsv_h": 0.044042753267944636,
  "hsv_s": 0.6423159125919778,
  "hsv_v": 0.12591175152114356,
  "lr0": 0.056643642485429135,
  "lrf": 0.04776314042577309,
  "mixup": 0.46091362944209646,
  "momentum": 0.7572215642743199,
  "mosaic": 0.7914118884049222,
  "perspective": 0.0005498159553405502,
  "scale": 0.46008764643481553,
  "shear": 8.574277725751742,
  "translate": 0.8451038180601376,
  "warmup_epochs": 1.9593949519225073,
  "warmup_momentum": 0.5642242838724062,
  "weight_decay": 0.0004551069335432381
}