{
  "bgr": 0.2711083798267192,
  "box": 0.10072289358310181,
  "cls": 3.5533210084756,
  "copy_paste": 0.7124944090731695,
  "data": "/home/under1/Detect/jeongui/axial/axial_t1wce_2_class.yaml",
  "degrees": 21.03383597488181,
  "fliplr": 0.628262991593388,
  "flipud": 0.38063663162824624,
  "hsv_h": 0.09670672669139521,
  "hsv_s": 0.38226432109845493,
  "hsv_v": 0.5350935512616157,
  "lr0": 0.03870385415964856,
  "lrf": 0.9045216592204125,
  "mixup": 0.1288173538450441,
  "momentum": 0.8083184019449301,
  "mosaic": 0.2417976396782039,
  "perspective": 5.60142284822307e-06,
  "scale": 0.5370516435804236,
  "shear": 2.7218416087691177,
  "translate": 0.6198675681099546,
  "warmup_epochs": 1.5821880215592694,
  "warmup_momentum": 0.8191321616436839,
  "weight_decay": 0.0008168839596694436
}