{
  "bgr": 0.3529938721648831,
  "box": 0.097641148015046,
  "cls": 0.9950129642929877,
  "copy_paste": 0.4315639913404711,
  "data": "/home/under1/Detect/jeongui/sagittal/sagittal_t1wce_2_class.yaml",
  "degrees": 6.313751093841468,
  "fliplr": 0.056422501426107385,
  "flipud": 0.04916985137226626,
  "hsv_h": 0.02676374357201755,
  "hsv_s": 0.33127236878657734,
  "hsv_v": 0.21401850716143195,
  "lr0": 0.09027564811498429,
  "lrf": 0.8262179230956304,
  "mixup": 0.10596540766930995,
  "momentum": 0.8996063252230653,
  "mosaic": 0.05769751977237525,
  "perspective": 0.0004600444691104501,
  "scale": 0.17474283455316866,
  "shear": 5.838978608184045,
  "translate": 0.13631864411629308,
  "warmup_epochs": 3.77529417786332,
  "warmup_momentum": 0.3226077439946397,
  "weight_decay": 0.00040460786317717966
}