{
  "bgr": 0.5039907552318379,
  "box": 0.16395796375866953,
  "cls": 1.7809346899262344,
  "copy_paste": 0.04710173952694452,
  "data": "/home/under1/Detect/jeongui/sagittal/sagittal_t1wce_2_class.yaml",
  "degrees": 29.610762615574583,
  "fliplr": 0.5867427076243931,
  "flipud": 0.23078977377792964,
  "hsv_h": 0.03469986065757846,
  "hsv_s": 0.03032765295012371,
  "hsv_v": 0.6492517669588108,
  "lr0": 0.03919161882363184,
  "lrf": 0.016066509922226316,
  "mixup": 0.3114735642803236,
  "momentum": 0.7520007168172818,
  "mosaic": 0.8791933547806834,
  "perspective": 0.0008052436480643773,
  "scale": 0.7304103525410789,
  "shear": 0.9553458472236409,
  "translate": 0.4392135740736206,
  "warmup_epochs": 1.0426100690863949,
  "warmup_momentum": 0.3749752901648968,
  "weight_decay": 7.282273158006392e-05
}