{
  "bgr": 0.3351168648793722,
  "box": 0.02325051830686202,
  "cls": 0.2609105601756235,
  "copy_paste": 0.4155290600762006,
  "data": "/home/under1/Detect/jeongui/sagittal/sagittal_t1wce_2_class.yaml",
  "degrees": 44.04916862100439,
  "fliplr": 0.5144333405632011,
  "flipud": 0.3724528725940317,
  "hsv_h": 0.07496207443563914,
  "hsv_s": 0.11435890895823127,
  "hsv_v": 0.3392133189577867,
  "lr0": 0.08524811674714644,
  "lrf": 0.3182812149856125,
  "mixup": 0.5686022144613896,
  "momentum": 0.7483060061594066,
  "mosaic": 0.053219495516866444,
  "perspective": 0.0002328094575580596,
  "scale": 0.5235968970607907,
  "shear": 0.8227294252094774,
  "translate": 0.02518410637061973,
  "warmup_epochs": 3.3929447619853548,
  "warmup_momentum": 0.8531974545763045,
  "weight_decay": 3.4874854934252574e-06
}