{
  "bgr": 0.43703195379934145,
  "box": 0.09463914919829426,
  "cls": 1.2053113259975823,
  "copy_paste": 0.6667667154456677,
  "data": "/home/under1/Detect/jeongui/coronal/coronal_t1wce_2_class.yaml",
  "degrees": 0.8455410196359814,
  "fliplr": 0.359507900573786,
  "flipud": 0.6818202991034834,
  "hsv_h": 0.07742336894342167,
  "hsv_s": 0.4105352989948937,
  "hsv_v": 0.5115905539817837,
  "lr0": 0.07805511233688268,
  "lrf": 0.1270916816102439,
  "mixup": 0.06022547162926983,
  "momentum": 0.843169988104459,
  "mosaic": 0.6976311959272649,
  "perspective": 0.0009437480785146242,
  "scale": 0.5508861504501793,
  "shear": 6.169339968747569,
  "translate": 0.5558719473682894,
  "warmup_epochs": 4.7233445852479194,
  "warmup_momentum": 0.49575590566256805,
  "weight_decay": 0.0001433532874090464
}