{
  "bgr": 0.02801454204467113,
  "box": 0.04365558814615028,
  "cls": 2.7465825152738557,
  "copy_paste": 0.3851271433718775,
  "data": "/home/under1/Detect/jeongui/sagittal/sagittal_t1wce_2_class.yaml",
  "degrees": 8.482039666655702,
  "fliplr": 0.969783088361766,
  "flipud": 0.8536599193967147,
  "hsv_h": 0.04594661400364796,
  "hsv_s": 0.11702563388389314,
  "hsv_v": 0.8982738164286105,
  "lr0": 0.09017631609286553,
  "lrf": 0.970348578209125,
  "mixup": 0.27285763840098276,
  "momentum": 0.6888545890371567,
  "mosaic": 0.5022291516633807,
  "perspective": 0.0003356659090576104,
  "scale": 0.1531720969242669,
  "shear": 4.171662051257109,
  "translate": 0.2932478838681192,
  "warmup_epochs": 2.326385563873737,
  "warmup_momentum": 0.6429820049576684,
  "weight_decay": 0.0006419125450658607
}