{
  "bgr": 0.6268976355525496,
  "box": 0.10153437313695181,
  "cls": 1.7432836341636413,
  "copy_paste": 0.8049232548796441,
  "data": "/home/under1/Detect/jeongui/coronal/coronal_t1wce_2_class.yaml",
  "degrees": 15.447569370248052,
  "fliplr": 0.909762454226768,
  "flipud": 0.07517196502388979,
  "hsv_h": 0.042282900684160844,
  "hsv_s": 0.20949797719542904,
  "hsv_v": 0.5631946071888848,
  "lr0": 0.05466836824989648,
  "lrf": 0.7651134760265502,
  "mixup": 0.3244127547918353,
  "momentum": 0.718691134237435,
  "mosaic": 0.006998230884330603,
  "perspective": 0.0008721216980713657,
  "scale": 0.09301312310232307,
  "shear": 5.21630512500894,
  "translate": 0.07354559990755982,
  "warmup_epochs": 4.930907565488299,
  "warmup_momentum": 0.6248337986000527,
  "weight_decay": 0.0005371316552022707
}