{
  "bgr": 0.9648296351380121,
  "box": 0.1182708111034097,
  "cls": 0.573610022352126,
  "copy_paste": 0.5526879446292041,
  "data": "/home/under1/Detect/jeongui/axial/axial_t1wce_2_class.yaml",
  "degrees": 13.95092909447132,
  "fliplr": 0.5015628146158451,
  "flipud": 0.2565452101978841,
  "hsv_h": 0.08090144321210786,
  "hsv_s": 0.13009761425861396,
  "hsv_v": 0.7898320433743615,
  "lr0": 0.08339838477690421,
  "lrf": 0.7498845701350394,
  "mixup": 0.05632277189958923,
  "momentum": 0.7040868003431822,
  "mosaic": 0.7906190300152941,
  "perspective": 0.00046319070206737243,
  "scale": 0.20135221623898597,
  "shear": 9.794360732557521,
  "translate": 0.019267755619221616,
  "warmup_epochs": 2.6934707940150555,
  "warmup_momentum": 0.4991077319749221,
  "weight_decay": 0.0008359543885327541
}