{
  "bgr": 0.10361406308096888,
  "box": 0.15838372858247318,
  "cls": 3.5841125798669657,
  "copy_paste": 0.5358009481393445,
  "data": "/home/under1/Detect/jeongui/sagittal/sagittal_t1wce_2_class.yaml",
  "degrees": 32.451934415729575,
  "fliplr": 0.9829297012505507,
  "flipud": 0.19790965468079835,
  "hsv_h": 0.06851933747831934,
  "hsv_s": 0.16290522312727965,
  "hsv_v": 0.8423082760879225,
  "lr0": 0.046883883136965905,
  "lrf": 0.18514530392207498,
  "mixup": 0.25085161747510665,
  "momentum": 0.6323953957993099,
  "mosaic": 0.9526826471841027,
  "perspective": 0.0007235065222837669,
  "scale": 0.1881019425283816,
  "shear": 6.229363083726072,
  "translate": 0.27367556873635507,
  "warmup_epochs": 1.3901422968386679,
  "warmup_momentum": 0.5479752853766422,
  "weight_decay": 0.0003323633793075994
}