{
  "bgr": 0.8314810473748674,
  "box": 0.05509545167276848,
  "cls": 2.957316655159104,
  "copy_paste": 0.25991377973343677,
  "data": "/home/under1/Detect/jeongui/sagittal/sagittal_t1wce_2_class.yaml",
  "degrees": 0.8096404550352149,
  "fliplr": 0.5766429496421258,
  "flipud": 0.7064455053620713,
  "hsv_h": 0.046518506572540363,
  "hsv_s": 0.6619115770373197,
  "hsv_v": 0.32164059839952225,
  "lr0": 0.02794970170732179,
  "lrf": 0.8159489426858489,
  "mixup": 0.03806755136404427,
  "momentum": 0.7013421599456366,
  "mosaic": 0.3356608162019331,
  "perspective": 0.0007621028497052136,
  "scale": 0.24046998108325038,
  "shear": 9.650826189014207,
  "translate": 0.7111521529988731,
  "warmup_epochs": 4.165318614781069,
  "warmup_momentum": 0.9091105380828779,
  "weight_decay": 0.0007633549550520722
}