{
  "bgr": 0.7795609066507782,
  "box": 0.02679623768565206,
  "cls": 2.863371480179105,
  "copy_paste": 0.27663724874392026,
  "data": "/home/under1/Detect/jeongui/sagittal/sagittal_t1wce_2_class.yaml",
  "degrees": 5.517329254757925,
  "fliplr": 0.14316047832519407,
  "flipud": 0.730887891717588,
  "hsv_h": 0.08892150612013312,
  "hsv_s": 0.6219924349819871,
  "hsv_v": 0.4464033224612827,
  "lr0": 0.09478168066767384,
  "lrf": 0.34813147391902743,
  "mixup": 0.5936278101827408,
  "momentum": 0.9288039343218026,
  "mosaic": 0.22875849469916953,
  "perspective": 0.0007216555358316362,
  "scale": 0.16204972692714614,
  "shear": 4.083817671881416,
  "translate": 0.3256757340266961,
  "warmup_epochs": 3.7592419509827746,
  "warmup_momentum": 0.37015880685926866,
  "weight_decay": 9.295075480811932e-05
}