{
  "bgr": 0.5260349734766631,
  "box": 0.15100394987042737,
  "cls": 1.7418151485090527,
  "copy_paste": 0.6992194939629595,
  "data": "/home/under1/Detect/jeongui/axial/axial_t1wce_2_class.yaml",
  "degrees": 29.69739301668089,
  "fliplr": 0.13703727011543754,
  "flipud": 0.45408911654812534,
  "hsv_h": 0.09960608246104477,
  "hsv_s": 0.5245146693640991,
  "hsv_v": 0.10142541118223905,
  "lr0": 0.006938457073809167,
  "lrf": 0.9805092044889816,
  "mixup": 0.7791725512037324,
  "momentum": 0.9693678740618068,
  "mosaic": 0.0784802268061916,
  "perspective": 2.5476505055238574e-06,
  "scale": 0.12205152198314244,
  "shear": 0.5231242370658618,
  "translate": 0.5713934758463024,
  "warmup_epochs": 1.648244582781289,
  "warmup_momentum": 0.9227871887114786,
  "weight_decay": 0.00021428680959265577
}